,precision,recall,f1-score,support
0,0.3333333333333333,1.0,0.5,5.0
1,0.0,0.0,0.0,8.0
2,0.0,0.0,0.0,1.0
3,0.0,0.0,0.0,1.0
accuracy,0.3333333333333333,0.3333333333333333,0.3333333333333333,0.3333333333333333
macro avg,0.08333333333333333,0.25,0.125,15.0
weighted avg,0.1111111111111111,0.3333333333333333,0.16666666666666666,15.0
