,precision,recall,f1-score,support
0,0.40384615384615385,0.7777777777777778,0.5316455696202531,27.0
1,0.4,0.13333333333333333,0.2,30.0
2,0.0,0.0,0.0,8.0
3,0.6666666666666666,1.0,0.8,6.0
accuracy,0.43661971830985913,0.43661971830985913,0.43661971830985913,0.43661971830985913
macro avg,0.36762820512820515,0.47777777777777775,0.3829113924050633,71.0
weighted avg,0.3789274106175515,0.43661971830985913,0.3542877518274202,71.0
