,precision,recall,f1-score,support
0,0.5,0.36,0.41860465116279066,25.0
1,0.7058823529411765,0.6486486486486487,0.676056338028169,37.0
2,0.6170212765957447,0.7837837837837838,0.6904761904761905,37.0
3,0.6896551724137931,0.6896551724137931,0.6896551724137931,29.0
accuracy,0.640625,0.640625,0.640625,0.640625
macro avg,0.6281397004876786,0.6205219012115564,0.6186980880202357,128.0
weighted avg,0.6363080804130163,0.640625,0.633022029951024,128.0
