,precision,recall,f1-score,support
0,0.6229508196721312,0.6785714285714286,0.6495726495726496,56.0
1,0.5806451612903226,0.6545454545454545,0.6153846153846153,55.0
2,0.0,0.0,0.0,19.0
3,0.5263157894736842,0.8333333333333334,0.6451612903225806,12.0
accuracy,0.5915492957746479,0.5915492957746479,0.5915492957746479,0.5915492957746479
macro avg,0.4324779426090345,0.5416125541125542,0.47752963881996136,142.0
weighted avg,0.5150459101851499,0.5915492957746479,0.5490433641274167,142.0
