,precision,recall,f1-score,support
0,0.8309859154929577,1.0,0.9076923076923077,59.0
1,0.0,0.0,0.0,12.0
accuracy,0.8309859154929577,0.8309859154929577,0.8309859154929577,0.8309859154929577
macro avg,0.4154929577464789,0.5,0.45384615384615384,71.0
weighted avg,0.690537591747669,0.8309859154929577,0.7542795232936078,71.0
