,Whistling Error Loss,Rhonchus Error Loss,Whistling Accuracy,Rhonchus Accuracy
0,48.65394830703735,73.53342771530151,80.75117468833923,69.48356628417969
mean,48.65394830703735,73.53342771530151,80.75117468833923,69.48356628417969
