,Whistling Error Loss,Rhonchus Error Loss,Whistling Accuracy,Rhonchus Accuracy
0,39.9675726890564,96.23404145240784,84.61538553237915,57.692307233810425
1,60.36445498466492,106.52390718460083,69.2307710647583,51.923078298568726
2,72.58435487747192,95.67458033561707,60.784316062927246,60.784316062927246
3,35.261714458465576,109.79597568511963,80.39215803146362,52.941179275512695
4,48.32339584827423,87.9290759563446,76.47058963775635,74.50980544090271
mean,51.30029857158661,99.231516122818,74.29864406585693,59.57013726234436
