,precision,recall,f1-score,support
0,0.6,1.0,0.7499999999999999,9.0
1,0.0,0.0,0.0,6.0
accuracy,0.6,0.6,0.6,0.6
macro avg,0.3,0.5,0.37499999999999994,15.0
weighted avg,0.36,0.6,0.44999999999999996,15.0
