,precision,recall,f1-score,support
0,0.6666666666666666,0.8372093023255814,0.7422680412371134,43.0
1,0.5882352941176471,0.35714285714285715,0.4444444444444445,28.0
accuracy,0.647887323943662,0.647887323943662,0.647887323943662,0.647887323943662
macro avg,0.6274509803921569,0.5971760797342193,0.5933562428407789,71.0
weighted avg,0.635735984534659,0.647887323943662,0.6248164819385961,71.0
