,precision,recall,f1-score,support
0,0.5845070422535211,1.0,0.7377777777777779,83.0
1,0.0,0.0,0.0,59.0
accuracy,0.5845070422535211,0.5845070422535211,0.5845070422535211,0.5845070422535211
macro avg,0.29225352112676056,0.5,0.36888888888888893,142.0
weighted avg,0.34164848244395957,0.5845070422535211,0.43123630672926455,142.0
