,precision,recall,f1-score,support
0,0.6056338028169014,1.0,0.7543859649122806,129.0
1,0.0,0.0,0.0,84.0
accuracy,0.6056338028169014,0.6056338028169014,0.6056338028169014,0.6056338028169014
macro avg,0.3028169014084507,0.5,0.3771929824561403,213.0
weighted avg,0.36679230311446137,0.6056338028169014,0.45688164072152204,213.0
