,precision,recall,f1-score,support
0,0.578125,1.0,0.7326732673267327,74.0
1,0.0,0.0,0.0,54.0
accuracy,0.578125,0.578125,0.578125,0.578125
macro avg,0.2890625,0.5,0.36633663366336633,128.0
weighted avg,0.334228515625,0.578125,0.42357673267326734,128.0
