,precision,recall,f1-score,support
0,0.85,0.8947368421052632,0.8717948717948718,38.0
1,0.7647058823529411,0.6842105263157895,0.7222222222222222,19.0
accuracy,0.8245614035087719,0.8245614035087719,0.8245614035087719,0.8245614035087719
macro avg,0.8073529411764706,0.7894736842105263,0.7970085470085471,57.0
weighted avg,0.8215686274509804,0.8245614035087719,0.8219373219373219,57.0
