,precision,recall,f1-score,support
0,0.6140350877192983,1.0,0.7608695652173912,35.0
1,0.0,0.0,0.0,22.0
accuracy,0.6140350877192983,0.6140350877192983,0.6140350877192983,0.6140350877192983
macro avg,0.30701754385964913,0.5,0.3804347826086956,57.0
weighted avg,0.3770390889504463,0.6140350877192983,0.4672006102212051,57.0
